month,department,students,units_kwh,amount_inr,co2_kg
2026-05,Computer,480,8500,97750,6035.0
2026-05,Mechanical,400,7100,81650,5041.0
2026-05,Civil,350,4750,54625,3372.5
2026-05,Electrical,380,6850,78775,4863.5
2026-05,E&TC,360,5350,61525,3798.5
2026-05,Chemistry Lab,120,3100,35650,2201.0
2026-05,Hostel & Mess,900,11100,127650,7881.0
2026-05,Admin,150,3600,41400,2556.0
2026-06,Computer,480,8600,98900,6106.0
2026-06,Mechanical,400,7050,81075,5005.5
2026-06,Civil,350,4800,55200,3408.0
2026-06,Electrical,380,6900,79350,4899.0
2026-06,E&TC,360,5400,62100,3834.0
2026-06,Chemistry Lab,120,3150,36225,2236.5
2026-06,Hostel & Mess,900,11250,129375,7987.5
2026-06,Admin,150,3620,41630,2570.2
2026-07,Computer,480,8900,102350,6319.0
2026-07,Mechanical,400,7300,83950,5183.0
2026-07,Civil,350,4900,56350,3479.0
2026-07,Electrical,380,7000,80500,4970.0
2026-07,E&TC,360,5500,63250,3905.0
2026-07,Chemistry Lab,120,2906,33419,2063.3
2026-07,Hostel & Mess,900,11400,131100,8094.0
2026-07,Admin,150,3700,42550,2627.0
2026-08,Computer,480,8450,97175,5999.5
2026-08,Mechanical,400,7000,80500,4970.0
2026-08,Civil,350,4700,54050,3337.0
2026-08,Electrical,380,6800,78200,4828.0
2026-08,E&TC,360,5350,61525,3798.5
2026-08,Chemistry Lab,120,3180,36570,2257.8
2026-08,Hostel & Mess,900,11100,127650,7881.0
2026-08,Admin,150,3600,41400,2556.0
2026-09,Computer,480,8750,100625,6212.5
2026-09,Mechanical,400,7200,82800,5112.0
2026-09,Civil,350,4850,55775,3443.5
2026-09,Electrical,380,6950,79925,4934.5
2026-09,E&TC,360,5450,62675,3869.5
2026-09,Chemistry Lab,120,3454,39721,2452.3
2026-09,Hostel & Mess,900,11300,129950,8023.0
2026-09,Admin,150,3650,41975,2591.5
2026-10,Computer,480,8650,99475,6141.5
2026-10,Mechanical,400,7150,82225,5076.5
2026-10,Civil,350,4800,55200,3408.0
2026-10,Electrical,380,6900,79350,4899.0
2026-10,E&TC,360,5420,62330,3848.2
2026-10,Chemistry Lab,120,4544,52256,3226.2
2026-10,Hostel & Mess,900,11200,128800,7952.0
2026-10,Admin,150,3676,42274,2609.9
